<application>
  <component name="BigDataIdeGlobalConnectionSettings">
    <option name="connections">
      <list>
        <ExtendedConnectionData>
          <option name="extended">
            <map>
              <entry key="activeAuthenticationType" value="rO0ABXQAIkV4cGxpY2l0IGFjY2VzcyBrZXkgYW5kIHNlY3JldCBrZXk=" />
              <entry key="bucket" value="rO0ABXQAAA==" />
              <entry key="bucketFilter" value="rO0ABXQAAA==" />
              <entry key="bucketFilterType" value="rO0ABX5yAD9jb20uamV0YnJhaW5zLmJpZ2RhdGF0b29scy5jb21tb24uZmlsZXN0b3JhZ2VzLkJ1Y2tldEZpbHRlclR5cGUAAAAAAAAAABIAAHhyAA5qYXZhLmxhbmcuRW51bQAAAAAAAAAAEgAAeHB0AAhDT05UQUlOUw==" />
              <entry key="bucketName" value="rO0ABXQAAA==" />
              <entry key="endpoint" value="rO0ABXQAFmh0dHA6Ly9sb2NhbGhvc3Q6NDkwMDA=" />
              <entry key="isBucketSourceCustom" value="rO0ABXNyABFqYXZhLmxhbmcuQm9vbGVhbs0gcoDVnPruAgABWgAFdmFsdWV4cAA=" />
              <entry key="isDisableSocketProxy" value="rO0ABXNyABFqYXZhLmxhbmcuQm9vbGVhbs0gcoDVnPruAgABWgAFdmFsdWV4cAA=" />
              <entry key="isMultiBucketSupport" value="rO0ABXNyABFqYXZhLmxhbmcuQm9vbGVhbs0gcoDVnPruAgABWgAFdmFsdWV4cAE=" />
              <entry key="isPreemptiveBasicProxyAuth" value="rO0ABXNyABFqYXZhLmxhbmcuQm9vbGVhbs0gcoDVnPruAgABWgAFdmFsdWV4cAA=" />
              <entry key="nonProxyHosts" value="rO0ABXQAAA==" />
              <entry key="profileName" value="rO0ABXQAB2RlZmF1bHQ=" />
              <entry key="proxyAuthEnabled" value="rO0ABXNyABFqYXZhLmxhbmcuQm9vbGVhbs0gcoDVnPruAgABWgAFdmFsdWV4cAA=" />
              <entry key="proxyDomain" value="rO0ABXQAAA==" />
              <entry key="proxyEnableType" value="rO0ABX5yADxjb20uamV0YnJhaW5zLmJpZ2RhdGF0b29scy5jb21tb24uY29ubmVjdGlvbi5Qcm94eUVuYWJsZVR5cGUAAAAAAAAAABIAAHhyAA5qYXZhLmxhbmcuRW51bQAAAAAAAAAAEgAAeHB0AAhESVNBQkxFRA==" />
              <entry key="proxyHost" value="rO0ABXQAAA==" />
              <entry key="proxyPort" value="rO0ABXNyABFqYXZhLmxhbmcuSW50ZWdlchLioKT3gYc4AgABSQAFdmFsdWV4cgAQamF2YS5sYW5nLk51bWJlcoaslR0LlOCLAgAAeHAAAABQ" />
              <entry key="proxyWorkstation" value="rO0ABXQAAA==" />
              <entry key="region" value="rO0ABXQAAA==" />
            </map>
          </option>
          <option name="fqn" value="org.jetbrains.hdfsplugin.hdfs.settings.MinioConnectionData" />
          <option name="groupId" value="MinioConnectionGroup" />
          <option name="innerId" value="MinIO@MinioConnectionGroup@-651112267884634736" />
          <option name="name" value="MinIO" />
          <option name="pluginId" value="com.intellij.bigdatatools" />
        </ExtendedConnectionData>
      </list>
    </option>
  </component>
</application>