<application>
  <component name="FileTypeManager" version="18">
    <extensionMap>
      <mapping pattern="wait-for" type="AUTO_DETECTED" />
      <mapping pattern=".env.*" type="Env File" />
      <mapping ext="env" type="PLAIN_TEXT" />
      <removed_mapping ext="apk" approved="true" type="ARCHIVE" />
      <removed_mapping ext="bat" approved="true" type="PLAIN_TEXT" />
      <removed_mapping ext="env" approved="true" type=".env file" />
      <removed_mapping ext="env" approved="true" type="Env File" />
      <removed_mapping ext="psd" approved="true" type="Image" />
      <removed_mapping ext="wxml" approved="true" type="HTML" />
      <removed_mapping pattern=".env.*" approved="true" type=".env file" />
    </extensionMap>
  </component>
</application>