<application>
  <component name="Translation.Cache">
    <option name="lastTrimTime" value="1689252550665" />
  </component>
  <component name="Translation.Settings">
    <option name="primaryLanguage" value="AUTO" />
    <option name="translator" value="YOUDAO" />
    <option name="youdaoTranslateSettings">
      <youdao-translate>
        <option name="appId" value="75bad38543d87918" />
      </youdao-translate>
    </option>
  </component>
  <component name="Translation.States">
    <histories>
      <item value="Returns the first argument if it is non-null and otherwise returns the non-null second argument. 形参: obj – an object defaultObj – a non-null object to return if the first argument is null 返回值: the first argument if it is non-null and otherwise the second argument if it is non-null 抛出: NullPointerException – if both obj is null and defaultObj is null" />
      <item value="Make a bucket called europetrip." />
    </histories>
    <option name="languageScores">
      <map>
        <entry key="CHINESE" value="1" />
        <entry key="ENGLISH" value="1" />
      </map>
    </option>
  </component>
  <component name="Translation.YoudaoSettings">
    <option name="DOMAIN" value="COMPUTERS" />
  </component>
</application>